Município,Etapa,Componente Curricular,Ano,Proficiência Média,Desvio Padrão,Indicação do Padrão de Desempenho,Não Alfabetizado,Alfabetização Incompleta,Muito Crítico,Crítico,Intermediário,Adequado,Suficiente,Desejável,Alunos Previstos,Alunos Efetivos,Percentual de Participação,Taxa de Participação,Proficiência Padronizada,N° de Alunos no Não Alfabetizado,N° de Alunos no Alfabetização Incompleta,N° de Alunos Muito Crítico,N° de Alunos no Crítico,N° de Alunos no Intermediário,N° de Alunos no Adequado,N° de Alunos no Suficiente,N° de Alunos no Desejável,Média CREDE
AQUIRAZ,2° Ano,Língua Portuguesa,2012,160.3,43.1,Desejável,1.8,5.4,0,0,14,0,19.2,59.5,924,885,95.8,0.96,8.01,16,48,0,0,124,0,170,527,161.63
CAUCAIA,2° Ano,Língua Portuguesa,2012,147.2,41.5,Suficiente,3.2,8.4,0,0,19.8,0,23.4,45.2,4205,3831,91.1,0.91,7.36,124,322,0,0,758,0,895,1732,161.63
EUSEBIO,2° Ano,Língua Portuguesa,2012,175.1,35.3,Desejável,0.1,1.1,0,0,4,0,18.2,76.5,823,795,96.6,0.97,8.75,1,9,0,0,32,0,145,608,161.63
GUAIUBA,2° Ano,Língua Portuguesa,2012,160.7,34.6,Desejável,1.2,2.9,0,0,10.6,0,20.3,65,433,414,95.6,0.96,8.04,5,12,0,0,44,0,84,269,161.63
ITAITINGA,2° Ano,Língua Portuguesa,2012,178.7,49.1,Desejável,0.6,1.8,0,0,9.4,0,19.6,68.6,569,545,95.8,0.96,8.94,3,10,0,0,51,0,107,374,161.63
MARACANAU,2° Ano,Língua Portuguesa,2012,155.5,43.2,Desejável,1.5,6.3,0,0,17,0,21.9,53.3,2627,2540,96.7,0.97,7.78,38,161,0,0,432,0,556,1353,161.63
MARANGUAPE,2° Ano,Língua Portuguesa,2012,161.9,40.4,Desejável,1,4.6,0,0,13,0,20,61.5,1267,1238,97.7,0.98,8.09,12,57,0,0,161,0,247,761,161.63
PACATUBA,2° Ano,Língua Portuguesa,2012,153.6,33.9,Desejável,1.4,5,0,0,12.6,0,24.5,56.5,839,807,96.2,0.96,7.68,11,40,0,0,102,0,198,456,161.63
AQUIRAZ,5° Ano,Língua Portuguesa,2012,212.53,40.2,Intermediário,0,0,0.91,16.63,44.57,37.89,0,0,1364,1317,96.55,0.97,6.88,0,0,12,219,587,499,0,0,200.98
CAUCAIA,5° Ano,Língua Portuguesa,2012,190.32,43.4,Intermediário,0,0,4.5,36.15,37.97,21.38,0,0,4958,4625,93.28,0.93,5.77,0,0,208,1672,1756,989,0,0,200.98
EUSEBIO,5° Ano,Língua Portuguesa,2012,218.71,46.4,Intermediário,0,0,1,17.87,38.73,42.4,0,0,950,901,94.84,0.95,7.19,0,0,9,161,349,382,0,0,200.98
GUAIUBA,5° Ano,Língua Portuguesa,2012,191.49,42,Intermediário,0,0,4.45,33.72,39.58,22.25,0,0,447,427,95.53,0.96,5.82,0,0,19,144,169,95,0,0,200.98
ITAITINGA,5° Ano,Língua Portuguesa,2012,196.91,43.1,Intermediário,0,0,4.4,27.72,39.38,28.5,0,0,787,772,98.09,0.98,6.1,0,0,34,214,304,220,0,0,200.98
MARACANAU,5° Ano,Língua Portuguesa,2012,203.68,42.4,Intermediário,0,0,2.17,24.65,41.94,31.24,0,0,3125,3035,97.12,0.97,6.43,0,0,66,748,1273,948,0,0,200.98
MARANGUAPE,5° Ano,Língua Portuguesa,2012,195.79,43.9,Intermediário,0,0,2.9,32.37,38.74,26,0,0,1588,1554,97.86,0.98,6.04,0,0,45,503,602,404,0,0,200.98
PACATUBA,5° Ano,Língua Portuguesa,2012,198.4,42.3,Intermediário,0,0,3.65,27.97,40.92,27.45,0,0,994,958,96.38,0.96,6.17,0,0,35,268,392,263,0,0,200.98
AQUIRAZ,5° Ano,Matemática,2012,223.4,39.2,Intermediário,0,0,3.2,25.1,46.5,25.2,0,0,1364,1317,96.6,0.97,6.17,0,0,42,330,613,332,0,0,208.91
CAUCAIA,5° Ano,Matemática,2012,197,45.3,Crítico,0,0,15.8,38.6,32.8,12.8,0,0,4958,4625,93.3,0.93,4.85,0,0,731,1784,1519,591,0,0,208.91
EUSEBIO,5° Ano,Matemática,2012,227.1,45.3,Intermediário,0,0,4.3,24.3,40.6,30.7,0,0,950,901,94.8,0.95,6.36,0,0,39,219,366,277,0,0,208.91
GUAIUBA,5° Ano,Matemática,2012,198.5,41.7,Crítico,0,0,11.7,40.7,35.8,11.7,0,0,447,427,95.5,0.96,4.93,0,0,50,174,153,50,0,0,208.91
ITAITINGA,5° Ano,Matemática,2012,207.9,43.9,Intermediário,0,0,11.1,30.1,43.7,15.2,0,0,787,772,98.1,0.98,5.39,0,0,86,232,337,117,0,0,208.91
MARACANAU,5° Ano,Matemática,2012,210,43.1,Intermediário,0,0,8.3,33.6,40.2,17.9,0,0,3125,3035,97.1,0.97,5.5,0,0,251,1021,1221,542,0,0,208.91
MARANGUAPE,5° Ano,Matemática,2012,202.2,44.2,Intermediário,0,0,12.5,35.8,37.4,14.3,0,0,1588,1554,97.9,0.98,5.11,0,0,194,557,581,222,0,0,208.91
PACATUBA,5° Ano,Matemática,2012,205.2,41.6,Intermediário,0,0,9.1,37.4,39.7,13.9,0,0,994,958,96.4,0.96,5.26,0,0,87,358,380,133,0,0,208.91
AQUIRAZ,9° Ano,Língua Portuguesa,2012,251,40.3,Intermediário,0,0,10.6,36.9,41.9,10.5,0,0,799,780,97.6,-,-,0,0,-,-,-,-,0,0,241.63
CAUCAIA,9° Ano,Língua Portuguesa,2012,236,45.5,Crítico,0,0,22.4,38.4,31.2,8,0,0,3858,3570,92.5,-,-,0,0,-,-,-,-,0,0,241.63
EUSEBIO,9° Ano,Língua Portuguesa,2012,255,42.9,Intermediário,0,0,11.8,29.4,46.4,12.3,0,0,881,853,96.8,-,-,0,0,-,-,-,-,0,0,241.63
GUAIUBA,9° Ano,Língua Portuguesa,2012,230,44.4,Crítico,0,0,25.3,41.6,26.6,6.5,0,0,332,308,92.8,-,-,0,0,-,-,-,-,0,0,241.63
ITAITINGA,9° Ano,Língua Portuguesa,2012,242,43.5,Crítico,0,0,19.1,37.9,33.8,9.2,0,0,484,467,96.5,-,-,0,0,-,-,-,-,0,0,241.63
MARACANAU,9° Ano,Língua Portuguesa,2012,248,42.7,Crítico,0,0,13.8,37.2,38.3,10.7,0,0,2874,2754,95.8,-,-,0,0,-,-,-,-,0,0,241.63
MARANGUAPE,9° Ano,Língua Portuguesa,2012,232,44.5,Crítico,0,0,25,39,30,6.1,0,0,1277,1238,96.9,-,-,0,0,-,-,-,-,0,0,241.63
PACATUBA,9° Ano,Língua Portuguesa,2012,240,46.5,Crítico,0,0,20.3,38.8,30.5,10.5,0,0,830,784,94.5,-,-,0,0,-,-,-,-,0,0,241.63
AQUIRAZ,9° Ano,Matemática,2012,256.2,40.4,Crítico,0,0,22.3,47.4,25.3,5,0,0,799,780,97.6,-,-,0,0,-,-,-,-,0,0,244.49
CAUCAIA,9° Ano,Matemática,2012,239,42.3,Crítico,0,0,39,40.4,18.1,2.5,0,0,3858,3570,92.5,-,-,0,0,-,-,-,-,0,0,244.49
EUSEBIO,9° Ano,Matemática,2012,256.9,43.3,Crítico,0,0,24.3,42.3,27.9,5.5,0,0,881,853,96.8,-,-,0,0,-,-,-,-,0,0,244.49
GUAIUBA,9° Ano,Matemática,2012,229.3,38,Crítico,0,0,48.4,38.3,12.7,0.6,0,0,332,308,92.8,-,-,0,0,-,-,-,-,0,0,244.49
ITAITINGA,9° Ano,Matemática,2012,249.7,43,Crítico,0,0,31.7,38.1,27.8,2.4,0,0,484,467,96.5,-,-,0,0,-,-,-,-,0,0,244.49
MARACANAU,9° Ano,Matemática,2012,248.2,40.1,Crítico,0,0,29.6,43.9,24,2.5,0,0,2874,2754,95.8,-,-,0,0,-,-,-,-,0,0,244.49
MARANGUAPE,9° Ano,Matemática,2012,235.7,41.7,Crítico,0,0,41.4,40.8,16.6,1.2,0,0,1277,1238,96.9,-,-,0,0,-,-,-,-,0,0,244.49
PACATUBA,9° Ano,Matemática,2012,240.9,42,Crítico,0,0,36,43.1,19,1.9,0,0,830,784,94.5,-,-,0,0,-,-,-,-,0,0,244.49
AQUIRAZ,2° Ano,Língua Portuguesa,2013,163.8,33.9,Desejável,0.6,2.4,0,0,9.1,0,21.1,66.8,1050,1067,101.6,1,8.19,6,26,0,0,97,0,225,713,159.01
CAUCAIA,2° Ano,Língua Portuguesa,2013,150.6,38.7,Desejável,1.9,7,0,0,16.6,0,26,48.5,3745,3692,98.6,0.99,7.53,71,259,0,0,612,0,959,1791,159.01
EUSEBIO,2° Ano,Língua Portuguesa,2013,167.8,37.9,Desejável,0.6,2.2,0,0,8.1,0,19.1,70.1,843,869,103.1,1,8.39,5,19,0,0,70,0,166,609,159.01
GUAIUBA,2° Ano,Língua Portuguesa,2013,168.7,42.8,Desejável,1.1,4.3,0,0,11.7,0,16.3,66.5,345,349,101.2,1,8.44,4,15,0,0,41,0,57,232,159.01
ITAITINGA,2° Ano,Língua Portuguesa,2013,161.3,37,Desejável,0.7,3.9,0,0,9.8,0,24.1,61.5,547,564,103.1,1,8.07,4,22,0,0,55,0,136,347,159.01
MARACANAU,2° Ano,Língua Portuguesa,2013,155.9,38,Desejável,1.3,5.2,0,0,12.9,0,24.9,55.8,2508,2582,103,1,7.79,33,133,0,0,332,0,644,1440,159.01
MARANGUAPE,2° Ano,Língua Portuguesa,2013,150.7,36.4,Desejável,1.8,6.1,0,0,15.7,0,26.1,50.3,1156,1172,101.4,1,7.53,21,72,0,0,184,0,306,589,159.01
PACATUBA,2° Ano,Língua Portuguesa,2013,153.3,33.5,Desejável,1.7,4.3,0,0,12.8,0,25.5,55.6,698,701,100.4,1,7.66,12,30,0,0,90,0,179,390,159.01
AQUIRAZ,5° Ano,Língua Portuguesa,2013,212.25,42.7,Intermediário,0,0,2.13,17.63,41.72,38.53,0,0,1294,1316,101.7,1,6.86,0,0,28,232,549,507,0,0,200.43
CAUCAIA,5° Ano,Língua Portuguesa,2013,189.77,45.3,Intermediário,0,0,6.66,33.51,37.29,22.54,0,0,4514,4414,97.78,0.98,5.74,0,0,294,1479,1646,995,0,0,200.43
EUSEBIO,5° Ano,Língua Portuguesa,2013,211.62,45.7,Intermediário,0,0,2.34,20,37.89,39.77,0,0,844,855,101.3,1,6.83,0,0,20,171,324,340,0,0,200.43
GUAIUBA,5° Ano,Língua Portuguesa,2013,191.35,44.7,Intermediário,0,0,6.09,31.3,38.48,24.13,0,0,464,460,99.14,0.99,5.82,0,0,28,144,177,111,0,0,200.43
ITAITINGA,5° Ano,Língua Portuguesa,2013,203.11,46.1,Intermediário,0,0,4.3,22.81,41.04,31.85,0,0,662,675,101.96,1,6.41,0,0,29,154,277,215,0,0,200.43
MARACANAU,5° Ano,Língua Portuguesa,2013,203.97,44.3,Intermediário,0,0,3.11,23.61,40.69,32.59,0,0,3145,3151,100.19,1,6.45,0,0,98,744,1282,1027,0,0,200.43
MARANGUAPE,5° Ano,Língua Portuguesa,2013,194.04,46.2,Intermediário,0,0,5.67,31.93,35.87,26.54,0,0,1442,1447,100.35,1,5.95,0,0,82,462,519,384,0,0,200.43
PACATUBA,5° Ano,Língua Portuguesa,2013,197.3,44.3,Intermediário,0,0,4.21,27.37,42.53,25.89,0,0,954,950,99.58,1,6.12,0,0,40,260,404,246,0,0,200.43
AQUIRAZ,5° Ano,Matemática,2013,223.4,40.9,Intermediário,0,0,3.6,26.3,43,27.1,0,0,1294,1316,101.7,1,6.17,0,0,47,346,566,357,0,0,207.18
CAUCAIA,5° Ano,Matemática,2013,195,40.4,Crítico,0,0,13.5,42.4,34.7,9.4,0,0,4514,4412,97.7,0.98,4.75,0,0,596,1871,1531,414,0,0,207.18
EUSEBIO,5° Ano,Matemática,2013,217.7,42.3,Intermediário,0,0,5.5,28.1,45.5,20.9,0,0,844,853,101.1,1,5.89,0,0,47,240,388,178,0,0,207.18
GUAIUBA,5° Ano,Matemática,2013,199.9,39.5,Crítico,0,0,10.4,40.4,38.3,10.9,0,0,464,460,99.1,0.99,5,0,0,48,186,176,50,0,0,207.18
ITAITINGA,5° Ano,Matemática,2013,209,43.2,Intermediário,0,0,8.4,34.5,39.4,17.6,0,0,662,675,102,1,5.45,0,0,57,233,266,119,0,0,207.18
MARACANAU,5° Ano,Matemática,2013,210.6,40.9,Intermediário,0,0,7.2,33.5,41.6,17.7,0,0,3145,3149,100.1,1,5.53,0,0,226,1056,1311,556,0,0,207.18
MARANGUAPE,5° Ano,Matemática,2013,197.3,39.3,Crítico,0,0,11.7,41.7,36.7,9.9,0,0,1442,1447,100.3,1,4.87,0,0,170,603,531,143,0,0,207.18
PACATUBA,5° Ano,Matemática,2013,204.5,40.4,Intermediário,0,0,8,39.4,39.7,12.9,0,0,954,949,99.5,0.99,5.22,0,0,76,374,377,122,0,0,207.18
AQUIRAZ,9° Ano,Língua Portuguesa,2013,263,33.8,Intermediário,0,0,2.5,40,35,22.5,0,0,922,40,93,-,-,0,0,-,-,-,-,0,0,247.39
CAUCAIA,9° Ano,Língua Portuguesa,2013,233,43.8,Crítico,0,0,23.3,40.9,29.5,6.2,0,0,3940,193,94.1,-,-,0,0,-,-,-,-,0,0,247.39
EUSEBIO,9° Ano,Língua Portuguesa,2013,266,40.9,Intermediário,0,0,10,22.5,45,22.5,0,0,813,40,93,-,-,0,0,-,-,-,-,0,0,247.39
GUAIUBA,9° Ano,Língua Portuguesa,2013,242,46.6,Crítico,0,0,17.5,40,32.5,10,0,0,395,40,88.9,-,-,0,0,-,-,-,-,0,0,247.39
ITAITINGA,9° Ano,Língua Portuguesa,2013,253,35.2,Intermediário,0,0,5,47.5,35,12.5,0,0,556,40,95.2,-,-,0,0,-,-,-,-,0,0,247.39
MARACANAU,9° Ano,Língua Portuguesa,2013,249,40.9,Crítico,0,0,9.3,41.8,38.7,10.3,0,0,3452,194,94.6,-,-,0,0,-,-,-,-,0,0,247.39
MARANGUAPE,9° Ano,Língua Portuguesa,2013,238,41.6,Crítico,0,0,18.5,40,36.9,4.6,0,0,1164,130,92.2,-,-,0,0,-,-,-,-,0,0,247.39
PACATUBA,9° Ano,Língua Portuguesa,2013,235,43.8,Crítico,0,0,21.6,43.2,24.3,10.8,0,0,800,37,92.5,-,-,0,0,-,-,-,-,0,0,247.39
AQUIRAZ,9° Ano,Matemática,2013,267,47.4,Crítico,0,0,20,35,32.5,12.5,0,0,922,40,93,-,-,0,0,-,-,-,-,0,0,247.74
CAUCAIA,9° Ano,Matemática,2013,236,41.1,Crítico,0,0,43,38.9,16.1,2.1,0,0,3940,193,94.1,-,-,0,0,-,-,-,-,0,0,247.74
EUSEBIO,9° Ano,Matemática,2013,262.6,36.8,Crítico,0,0,15,42.5,37.5,5,0,0,813,40,93,-,-,0,0,-,-,-,-,0,0,247.74
GUAIUBA,9° Ano,Matemática,2013,241.2,41.3,Crítico,0,0,32.5,42.5,25,0,0,0,395,40,88.9,-,-,0,0,-,-,-,-,0,0,247.74
ITAITINGA,9° Ano,Matemática,2013,257.5,41.9,Crítico,0,0,22.5,45,22.5,10,0,0,556,40,95.2,-,-,0,0,-,-,-,-,0,0,247.74
MARACANAU,9° Ano,Matemática,2013,249.8,33,Crítico,0,0,26.3,49.5,23.7,0.5,0,0,3452,194,94.6,-,-,0,0,-,-,-,-,0,0,247.74
MARANGUAPE,9° Ano,Matemática,2013,234.4,40.1,Crítico,0,0,37.7,46.9,15.4,0,0,0,1164,130,92.2,-,-,0,0,-,-,-,-,0,0,247.74
PACATUBA,9° Ano,Matemática,2013,233.4,41.5,Crítico,0,0,40.5,45.9,13.5,0,0,0,800,37,92.5,-,-,0,0,-,-,-,-,0,0,247.74
AQUIRAZ,2° Ano,Língua Portuguesa,2014,159.5,35.2,Desejável,0.3,3.7,0,0,11.5,0,24.5,60.1,1058,1087,102.7,1,7.98,3,40,0,0,125,0,266,653,164.78
CAUCAIA,2° Ano,Língua Portuguesa,2014,153.8,39.2,Desejável,0.8,6.3,0,0,17.4,0,24.2,51.3,3607,3566,98.9,0.99,7.69,27,225,0,0,622,0,864,1828,164.78
EUSEBIO,2° Ano,Língua Portuguesa,2014,174.3,40.8,Desejável,0,3.1,0,0,8.4,0,16.9,71.7,840,883,105.1,1,8.72,0,27,0,0,74,0,149,633,164.78
GUAIUBA,2° Ano,Língua Portuguesa,2014,192.8,37.6,Desejável,0,0.3,0,0,2.5,0,9.1,88.1,412,394,95.6,0.96,9.64,0,1,0,0,10,0,36,347,164.78
ITAITINGA,2° Ano,Língua Portuguesa,2014,179.6,48.3,Desejável,1.9,3.9,0,0,7.6,0,13,73.6,467,485,103.9,1,8.98,9,19,0,0,37,0,63,357,164.78
MARACANAU,2° Ano,Língua Portuguesa,2014,150.6,40.2,Desejável,1.1,8,0,0,18.4,0,25.6,46.9,4158,4252,102.3,1,7.53,48,340,0,0,782,0,1089,1993,164.78
MARANGUAPE,2° Ano,Língua Portuguesa,2014,155.2,35.3,Desejável,1,3.6,0,0,14.1,0,27.5,53.9,1331,1344,101,1,7.76,13,48,0,0,189,0,369,725,164.78
PACATUBA,2° Ano,Língua Portuguesa,2014,152.4,34.8,Desejável,1.1,4.9,0,0,15,0,28.1,50.9,728,740,101.6,1,7.62,8,36,0,0,111,0,208,377,164.78
AQUIRAZ,5° Ano,Língua Portuguesa,2014,210.43,44.7,Intermediário,0,0,2.12,19.32,43.05,35.51,0,0,1254,1273,101.52,1,6.77,0,0,27,246,548,452,0,0,202.99
CAUCAIA,5° Ano,Língua Portuguesa,2014,190.61,47.5,Intermediário,0,0,8.45,30.42,37.25,23.88,0,0,4072,3928,96.46,0.96,5.78,0,0,332,1195,1463,938,0,0,202.99
EUSEBIO,5° Ano,Língua Portuguesa,2014,218.37,46.3,Intermediário,0,0,1.06,18.59,34.94,45.41,0,0,836,850,101.67,1,7.17,0,0,9,158,297,386,0,0,202.99
GUAIUBA,5° Ano,Língua Portuguesa,2014,192.69,47,Intermediário,0,0,5.79,31.84,38.68,23.68,0,0,376,380,101.06,1,5.88,0,0,22,121,147,90,0,0,202.99
ITAITINGA,5° Ano,Língua Portuguesa,2014,202.44,45.3,Intermediário,0,0,4.01,25.67,39.02,31.31,0,0,676,674,99.7,1,6.37,0,0,27,173,263,211,0,0,202.99
MARACANAU,5° Ano,Língua Portuguesa,2014,205.52,45.4,Intermediário,0,0,2.89,23.49,41.15,32.47,0,0,2923,2972,101.68,1,6.53,0,0,86,698,1223,965,0,0,202.99
MARANGUAPE,5° Ano,Língua Portuguesa,2014,196.9,45.8,Intermediário,0,0,5.19,28.33,38.93,27.54,0,0,1371,1387,101.17,1,6.1,0,0,72,393,540,382,0,0,202.99
PACATUBA,5° Ano,Língua Portuguesa,2014,207,47.1,Intermediário,0,0,4.68,19.45,42.14,33.73,0,0,830,833,100.36,1,6.6,0,0,39,162,351,281,0,0,202.99
AQUIRAZ,5° Ano,Matemática,2014,223.1,44.2,Intermediário,0,0,3.9,27.4,41.7,27,0,0,1254,1272,101.4,1,6.15,0,0,50,348,531,343,0,0,211.28
CAUCAIA,5° Ano,Matemática,2014,197.4,45.1,Crítico,0,0,15.6,38.7,32.8,12.8,0,0,4072,3927,96.4,0.96,4.87,0,0,612,1521,1290,504,0,0,211.28
EUSEBIO,5° Ano,Matemática,2014,235.7,47,Intermediário,0,0,4.6,17.8,36.9,40.7,0,0,836,850,101.7,1,6.79,0,0,39,151,314,346,0,0,211.28
GUAIUBA,5° Ano,Matemática,2014,203.4,47.4,Intermediário,0,0,12.4,37.6,32.9,17.1,0,0,376,380,101.1,1,5.17,0,0,47,143,125,65,0,0,211.28
ITAITINGA,5° Ano,Matemática,2014,206.5,43.8,Intermediário,0,0,10,36.8,36.1,17.1,0,0,676,673,99.6,1,5.32,0,0,67,248,243,115,0,0,211.28
MARACANAU,5° Ano,Matemática,2014,210.8,44,Intermediário,0,0,8.1,33,40.3,18.6,0,0,2923,2972,101.7,1,5.54,0,0,240,980,1199,553,0,0,211.28
MARANGUAPE,5° Ano,Matemática,2014,202.3,43.6,Intermediário,0,0,11.6,36.7,38.1,13.6,0,0,1371,1386,101.1,1,5.11,0,0,161,509,528,188,0,0,211.28
PACATUBA,5° Ano,Matemática,2014,211,43.3,Intermediário,0,0,7.7,33.9,39.7,18.7,0,0,830,833,100.4,1,5.55,0,0,64,282,331,156,0,0,211.28
AQUIRAZ,9° Ano,Língua Portuguesa,2014,248,40.9,Crítico,0,0,11.9,38.4,39.5,10.2,0,0,961,955,99.4,0.9938,-,0,0,114,367,377,97,0,0,239.63
CAUCAIA,9° Ano,Língua Portuguesa,2014,232,43.9,Crítico,0,0,23.6,41.2,29.1,6.1,0,0,4295,3956,92.1,0.9211,-,0,0,933,1630,1150,243,0,0,239.63
EUSEBIO,9° Ano,Língua Portuguesa,2014,245,46.6,Crítico,0,0,17.9,34.2,35.4,12.4,0,0,910,909,99.9,0.9989,-,0,0,163,311,322,113,0,0,239.63
GUAIUBA,9° Ano,Língua Portuguesa,2014,236,43.4,Crítico,0,0,20.4,43.4,29.6,6.6,0,0,331,318,96.1,0.9607,-,0,0,65,138,94,21,0,0,239.63
ITAITINGA,9° Ano,Língua Portuguesa,2014,240,44.8,Crítico,0,0,19,39,34,8.1,0,0,495,480,97,0.9697,-,0,0,91,187,163,39,0,0,239.63
MARACANAU,9° Ano,Língua Portuguesa,2014,242,42.2,Crítico,0,0,17.1,41.4,32.6,8.9,0,0,3348,3295,98.4,0.9842,-,0,0,562,1364,1075,294,0,0,239.63
MARANGUAPE,9° Ano,Língua Portuguesa,2014,234,47.9,Crítico,0,0,24.4,38,29.5,8.1,0,0,1232,1202,97.6,0.9756,-,0,0,293,457,355,97,0,0,239.63
PACATUBA,9° Ano,Língua Portuguesa,2014,240,43,Crítico,0,0,18.7,41.8,31.2,8.3,0,0,763,756,99.1,0.9908,-,0,0,141,316,236,63,0,0,239.63
AQUIRAZ,9° Ano,Matemática,2014,248.7,41.8,Crítico,0,0,28.9,43.4,25,2.7,0,0,961,955,99.4,0.9938,-,0,0,276,414,239,26,0,0,237.44
CAUCAIA,9° Ano,Matemática,2014,229.7,42.3,Crítico,0,0,47.4,37.4,13.8,1.3,0,0,4295,3956,92.1,0.9211,-,0,0,1876,1480,547,53,0,0,237.44
EUSEBIO,9° Ano,Matemática,2014,247.4,48.3,Crítico,0,0,32.5,40.2,21.5,5.9,0,0,910,909,99.9,0.9989,-,0,0,295,365,195,54,0,0,237.44
GUAIUBA,9° Ano,Matemática,2014,232.2,41.2,Crítico,0,0,44.7,38.4,15.7,1.3,0,0,331,318,96.1,0.9607,-,0,0,142,122,50,4,0,0,237.44
ITAITINGA,9° Ano,Matemática,2014,239.2,44.3,Crítico,0,0,39.8,39.6,17.9,2.7,0,0,495,480,97,0.9697,-,0,0,191,190,86,13,0,0,237.44
MARACANAU,9° Ano,Matemática,2014,237.1,40.1,Crítico,0,0,38.4,43.4,16.8,1.5,0,0,3348,3295,98.4,0.9842,-,0,0,1265,1429,553,48,0,0,237.44
MARANGUAPE,9° Ano,Matemática,2014,231.4,46.5,Crítico,0,0,45.3,35.9,16.8,2,0,0,1232,1202,97.6,0.9756,-,0,0,545,431,202,24,0,0,237.44
PACATUBA,9° Ano,Matemática,2014,233.8,40.3,Crítico,0,0,41.9,40.3,17.1,0.7,0,0,763,756,99.1,0.9908,-,0,0,317,305,129,5,0,0,237.44
AQUIRAZ,2° Ano,Língua Portuguesa,2015,151.6,39.3,Desejável,1.2,9.1,0,0,16.9,0,21.9,50.9,1175,1194,101.6,1,7.58,14,109,0,0,202,0,261,608,166.79
CAUCAIA,2° Ano,Língua Portuguesa,2015,150,41.9,Suficiente,1.3,10,0,0,19.9,0,21.4,47.4,3603,3526,97.9,0.98,7.5,47,353,0,0,701,0,753,1672,166.79
EUSEBIO,2° Ano,Língua Portuguesa,2015,199.6,51.1,Desejável,0.2,1.7,0,0,5.6,0,10,82.4,1063,1105,104,1,9.98,2,19,0,0,62,0,111,911,166.79
GUAIUBA,2° Ano,Língua Portuguesa,2015,172.7,38.7,Desejável,0.8,1.9,0,0,7.3,0,17.3,72.7,372,370,99.5,0.99,8.63,3,7,0,0,27,0,64,269,166.79
ITAITINGA,2° Ano,Língua Portuguesa,2015,176.1,51.2,Desejável,0.9,3.8,0,0,10.6,0,19.5,65.2,636,658,103.5,1,8.81,6,25,0,0,70,0,128,429,166.79
MARACANAU,2° Ano,Língua Portuguesa,2015,158.8,42.7,Desejável,0.9,6.2,0,0,16.5,0,21.5,54.9,2729,2836,103.9,1,7.94,25,175,0,0,468,0,611,1557,166.79
MARANGUAPE,2° Ano,Língua Portuguesa,2015,170.8,42.4,Desejável,0.6,3.1,0,0,10,0,19.2,67,1213,1244,102.6,1,8.54,7,39,0,0,125,0,239,834,166.79
PACATUBA,2° Ano,Língua Portuguesa,2015,154.7,36.8,Desejável,0.4,6.1,0,0,15.9,0,23.3,54.3,692,717,103.6,1,7.74,3,44,0,0,114,0,167,389,166.79
AQUIRAZ,5° Ano,Língua Portuguesa,2015,205.53,43.5,Intermediário,0,0,1.93,24.11,42.96,31,0,0,982,987,100.51,1,6.53,0,0,19,238,424,306,0,0,203.82
CAUCAIA,5° Ano,Língua Portuguesa,2015,191.86,43,Intermediário,0,0,4.64,32.87,40.3,22.18,0,0,4149,3940,94.96,0.95,5.84,0,0,183,1295,1588,874,0,0,203.82
EUSEBIO,5° Ano,Língua Portuguesa,2015,221.73,43.2,Intermediário,0,0,1.41,12.54,38.22,47.83,0,0,822,853,103.77,1,7.34,0,0,12,107,326,408,0,0,203.82
GUAIUBA,5° Ano,Língua Portuguesa,2015,196.06,42.8,Intermediário,0,0,4.31,27.66,42.86,25.17,0,0,448,441,98.44,0.98,6.05,0,0,19,122,189,111,0,0,203.82
ITAITINGA,5° Ano,Língua Portuguesa,2015,202.7,42,Intermediário,0,0,2.25,25.82,41.77,30.16,0,0,575,577,100.35,1,6.39,0,0,13,149,241,174,0,0,203.82
MARACANAU,5° Ano,Língua Portuguesa,2015,207.84,42.6,Intermediário,0,0,1.91,21.79,41.66,34.64,0,0,2784,2878,103.38,1,6.64,0,0,55,627,1199,997,0,0,203.82
MARANGUAPE,5° Ano,Língua Portuguesa,2015,201.02,41.1,Intermediário,0,0,2.42,24.83,44.59,28.16,0,0,1305,1321,101.23,1,6.3,0,0,32,328,589,372,0,0,203.82
PACATUBA,5° Ano,Língua Portuguesa,2015,203.81,41.1,Intermediário,0,0,2.16,22.97,43.91,30.96,0,0,776,788,101.55,1,6.44,0,0,17,181,346,244,0,0,203.82
AQUIRAZ,5° Ano,Matemática,2015,219.9,42.8,Intermediário,0,0,5.4,26.8,43.8,24,0,0,982,987,100.5,1,6,0,0,53,265,432,237,0,0,216.51
CAUCAIA,5° Ano,Matemática,2015,201.9,43.6,Intermediário,0,0,11.9,38.1,35.8,14.2,0,0,4149,3939,94.9,0.95,5.1,0,0,468,1499,1412,560,0,0,216.51
EUSEBIO,5° Ano,Matemática,2015,247.7,49.5,Intermediário,0,0,2.9,14.1,36.6,46.4,0,0,822,853,103.8,1,7.38,0,0,25,120,312,396,0,0,216.51
GUAIUBA,5° Ano,Matemática,2015,203.1,43.3,Intermediário,0,0,10.9,37.6,37.4,14.1,0,0,448,441,98.4,0.98,5.16,0,0,48,166,165,62,0,0,216.51
ITAITINGA,5° Ano,Matemática,2015,213.3,41.5,Intermediário,0,0,6.2,32.9,41.2,19.6,0,0,575,577,100.3,1,5.66,0,0,36,190,238,113,0,0,216.51
MARACANAU,5° Ano,Matemática,2015,220.9,44.8,Intermediário,0,0,5.4,27.3,41,26.3,0,0,2784,2878,103.4,1,6.04,0,0,155,787,1179,757,0,0,216.51
MARANGUAPE,5° Ano,Matemática,2015,212.5,42.9,Intermediário,0,0,6.7,33.8,40.8,18.8,0,0,1305,1321,101.2,1,5.62,0,0,88,446,539,248,0,0,216.51
PACATUBA,5° Ano,Matemática,2015,212.8,38.5,Intermediário,0,0,4.1,34.1,45.2,16.6,0,0,776,787,101.4,1,5.64,0,0,32,268,356,131,0,0,216.51
AQUIRAZ,9° Ano,Língua Portuguesa,2015,255,41.9,Intermediário,0,0,9.4,36.9,39,14.7,0,0,871,839,96.3,0.9633,5223,0,0,79,310,327,123,0,0,242.5
CAUCAIA,9° Ano,Língua Portuguesa,2015,231,45,Crítico,0,0,27.1,39,26.9,7,0,0,4127,3831,92.8,0.9283,4.0367,0,0,1037,1496,1029,269,0,0,242.5
EUSEBIO,9° Ano,Língua Portuguesa,2015,253,46,Intermediário,0,0,13.2,34.2,35.6,17,0,0,739,752,101.8,1,5.1385,0,0,99,257,268,128,0,0,242.5
GUAIUBA,9° Ano,Língua Portuguesa,2015,236,42.3,Crítico,0,0,20.4,42.2,31.3,6.2,0,0,346,339,98,0.9798,4.3075,0,0,69,143,106,21,0,0,242.5
ITAITINGA,9° Ano,Língua Portuguesa,2015,243,43.2,Crítico,0,0,15.5,39.9,32.9,11.7,0,0,491,489,99.6,0.9959,4.6614,0,0,76,195,161,57,0,0,242.5
MARACANAU,9° Ano,Língua Portuguesa,2015,240,44.2,Crítico,0,0,19.7,40,30.9,9.4,0,0,2957,2977,100.7,1,4491,0,0,586,1191,921,279,0,0,242.5
MARANGUAPE,9° Ano,Língua Portuguesa,2015,239,45.2,Crítico,0,0,19.3,41.3,28.5,10.9,0,0,1202,1188,98.8,0.9884,4.4685,0,0,229,491,339,129,0,0,242.5
PACATUBA,9° Ano,Língua Portuguesa,2015,244,45.2,Crítico,0,0,17,39.6,33.1,10.3,0,0,639,641,100.3,1,4.6756,0,0,109,254,212,66,0,0,242.5
AQUIRAZ,9° Ano,Matemática,2015,250.1,40.4,Crítico,0,0,26,47,23.8,3.2,0,0,871,840,96.4,0.9644,3.7562,0,0,218,395,200,27,0,0,240.74
CAUCAIA,9° Ano,Matemática,2015,229.1,41.1,Crítico,0,0,48,38.4,12.4,1.2,0,0,4127,3831,92.8,0.9283,2.7032,0,0,1837,1472,475,47,0,0,240.74
EUSEBIO,9° Ano,Matemática,2015,254.7,43.5,Crítico,0,0,26.6,41.2,27.3,4.9,0,0,739,752,101.8,1,3983,0,0,200,310,205,37,0,0,240.74
GUAIUBA,9° Ano,Matemática,2015,234.5,39.2,Crítico,0,0,41.7,45.6,10.9,1.8,0,0,346,338,97.7,0.9769,2.9756,0,0,141,154,37,6,0,0,240.74
ITAITINGA,9° Ano,Matemática,2015,244.9,41.3,Crítico,0,0,33.5,42.3,21.3,2.9,0,0,491,489,99.6,0.9959,3.4959,0,0,164,207,104,14,0,0,240.74
MARACANAU,9° Ano,Matemática,2015,236.3,39.1,Crítico,0,0,40.2,43.7,14.4,1.6,0,0,2957,2979,100.7,1,3067,0,0,1198,1303,430,48,0,0,240.74
MARANGUAPE,9° Ano,Matemática,2015,236.7,41.3,Crítico,0,0,40.9,40.7,16.5,1.9,0,0,1202,1187,98.8,0.9875,3.0869,0,0,485,483,196,23,0,0,240.74
PACATUBA,9° Ano,Matemática,2015,239.6,41.5,Crítico,0,0,38.8,41.7,17,2.5,0,0,639,641,100.3,1,3.2288,0,0,249,267,109,16,0,0,240.74
AQUIRAZ,2° Ano,Língua Portuguesa,2016,165.9,45.7,Desejável,0.9,6,0,0,12.8,0,18.3,62,1071,1084,101.2,1,8.29,10,65,0,0,139,0,198,672,175.65
CAUCAIA,2° Ano,Língua Portuguesa,2016,157.3,48.5,Desejável,1.5,10.2,0,0,17.6,0,17,53.8,3919,3850,98.2,0.98,7.87,56,391,0,0,676,0,654,2073,175.65
EUSEBIO,2° Ano,Língua Portuguesa,2016,207.6,48.8,Desejável,0,1.2,0,0,3.2,0,7,88.5,931,966,103.8,1,10,0,12,0,0,31,0,68,855,175.65
GUAIUBA,2° Ano,Língua Portuguesa,2016,175.8,48.9,Desejável,1.1,4.5,0,0,10.1,0,12.3,72,359,357,99.4,0.99,8.79,4,16,0,0,36,0,44,257,175.65
ITAITINGA,2° Ano,Língua Portuguesa,2016,188.8,57.8,Desejável,1.4,4.6,0,0,8.7,0,12.5,72.8,496,518,104.4,1,9.44,7,24,0,0,45,0,65,377,175.65
MARACANAU,2° Ano,Língua Portuguesa,2016,170.5,48.8,Desejável,1,5.9,0,0,11.3,0,16,65.8,2756,2830,102.7,1,8.53,29,166,0,0,321,0,452,1862,175.65
MARANGUAPE,2° Ano,Língua Portuguesa,2016,175.7,42.7,Desejável,0.4,2.7,0,0,8.9,0,13.5,74.5,1207,1250,103.6,1,8.79,5,34,0,0,111,0,169,931,175.65
PACATUBA,2° Ano,Língua Portuguesa,2016,163.6,44.4,Desejável,1.1,6.2,0,0,11.1,0,18.5,63.1,776,785,101.2,1,8.18,9,49,0,0,87,0,145,495,175.65
AQUIRAZ,5° Ano,Língua Portuguesa,2016,213.49,43.6,Intermediário,0,0,1.39,17.41,41.67,39.54,0,0,1076,1080,100.37,1,6.92,0,0,15,188,450,427,0,0,210.07
CAUCAIA,5° Ano,Língua Portuguesa,2016,199.79,45.2,Intermediário,0,0,4,26.58,41.4,28.02,0,0,3996,3804,95.2,0.95,6.24,0,0,152,1011,1575,1066,0,0,210.07
EUSEBIO,5° Ano,Língua Portuguesa,2016,229.18,39.7,Adequado,0,0,0.23,7.59,37.93,54.25,0,0,845,870,102.96,1,7.71,0,0,2,66,330,472,0,0,210.07
GUAIUBA,5° Ano,Língua Portuguesa,2016,194.35,42,Intermediário,0,0,4.49,30.06,42.7,22.75,0,0,367,356,97,0.97,5.97,0,0,16,107,152,81,0,0,210.07
ITAITINGA,5° Ano,Língua Portuguesa,2016,208.9,46.5,Intermediário,0,0,2.28,22.8,38.44,36.48,0,0,605,614,101.49,1,6.69,0,0,14,140,236,224,0,0,210.07
MARACANAU,5° Ano,Língua Portuguesa,2016,215.49,44.3,Intermediário,0,0,1.84,16.48,39.66,42.01,0,0,2941,2985,101.5,1,7.02,0,0,55,492,1184,1254,0,0,210.07
MARANGUAPE,5° Ano,Língua Portuguesa,2016,207.98,43.4,Intermediário,0,0,2.31,21.02,43.23,33.44,0,0,1248,1256,100.64,1,6.65,0,0,29,264,543,420,0,0,210.07
PACATUBA,5° Ano,Língua Portuguesa,2016,211.4,43.6,Intermediário,0,0,1.7,19.76,41.88,36.65,0,0,773,764,98.84,0.99,6.82,0,0,13,151,320,280,0,0,210.07
AQUIRAZ,5° Ano,Matemática,2016,227.6,46.5,Intermediário,0,0,4.1,25.8,37.9,32.2,0,0,1076,1080,100.4,1,6.38,0,0,44,279,409,348,0,0,217.65
CAUCAIA,5° Ano,Matemática,2016,201.3,42,Intermediário,0,0,10.6,41.7,34.5,13.2,0,0,3996,3804,95.2,0.95,5.07,0,0,402,1586,1313,503,0,0,217.65
EUSEBIO,5° Ano,Matemática,2016,249.3,40.9,Intermediário,0,0,0.7,11.8,36,51.5,0,0,845,870,103,1,7.46,0,0,6,103,313,448,0,0,217.65
GUAIUBA,5° Ano,Matemática,2016,198.9,41.3,Crítico,0,0,10.7,45.2,32.9,11.2,0,0,367,356,97,0.97,4.94,0,0,38,161,117,40,0,0,217.65
ITAITINGA,5° Ano,Matemática,2016,216.1,43.9,Intermediário,0,0,5.7,31.3,40.7,22.3,0,0,605,614,101.5,1,5.8,0,0,35,192,250,137,0,0,217.65
MARACANAU,5° Ano,Matemática,2016,219.3,42.7,Intermediário,0,0,4.4,30.1,41.2,24.4,0,0,2941,2986,101.5,1,5.97,0,0,131,898,1229,728,0,0,217.65
MARANGUAPE,5° Ano,Matemática,2016,216.1,44,Intermediário,0,0,5.2,33.5,38.1,23.2,0,0,1248,1256,100.6,1,5.81,0,0,65,421,478,292,0,0,217.65
PACATUBA,5° Ano,Matemática,2016,212.6,40.2,Intermediário,0,0,4.7,36.8,39.7,18.8,0,0,773,764,98.8,0.99,5.63,0,0,36,281,303,144,0,0,217.65
AQUIRAZ,9° Ano,Língua Portuguesa,2016,256,42.7,Intermediário,0,0,9.6,33.5,41.6,15.4,0,0,990,931,94,0.9404,5.3152,0,0,89,312,387,143,0,0,250.13
CAUCAIA,9° Ano,Língua Portuguesa,2016,242,45.7,Crítico,0,0,19.2,36.7,33,11.1,0,0,4137,3778,91.3,0.9132,4.6005,0,0,727,1385,1247,419,0,0,250.13
EUSEBIO,9° Ano,Língua Portuguesa,2016,264,45,Intermediário,0,0,8.3,27,42.5,22.2,0,0,777,796,102.4,1,5.6994,0,0,66,215,338,177,0,0,250.13
GUAIUBA,9° Ano,Língua Portuguesa,2016,238,44.9,Crítico,0,0,20.4,41.1,30.6,7.8,0,0,359,333,92.8,0.9276,4.3856,0,0,68,137,102,26,0,0,250.13
ITAITINGA,9° Ano,Língua Portuguesa,2016,251,45.8,Intermediário,0,0,14.2,34.5,36.4,14.8,0,0,472,472,100,1,5.0626,0,0,67,163,172,70,0,0,250.13
MARACANAU,9° Ano,Língua Portuguesa,2016,257,43,Intermediário,0,0,10.5,32.4,41.3,15.9,0,0,2573,2593,100.8,1,5332,0,0,272,839,1071,411,0,0,250.13
MARANGUAPE,9° Ano,Língua Portuguesa,2016,245,44.6,Crítico,0,0,15.9,39.7,32.2,12.2,0,0,1194,1160,97.2,0.9715,4.7573,0,0,185,460,374,141,0,0,250.13
PACATUBA,9° Ano,Língua Portuguesa,2016,248,45,Crítico,0,0,15.2,37.1,34.3,13.5,0,0,727,706,97.1,0.9711,4.9002,0,0,107,262,242,95,0,0,250.13
AQUIRAZ,9° Ano,Matemática,2016,254.3,42.1,Crítico,0,0,26.2,42.6,26,5.2,0,0,990,931,94,0.9404,3964,0,0,244,397,242,48,0,0,246.94
CAUCAIA,9° Ano,Matemática,2016,240.3,42.4,Crítico,0,0,38.4,40.4,18.5,2.8,0,0,4137,3778,91.3,0.9132,3.2639,0,0,1449,1525,698,106,0,0,246.94
EUSEBIO,9° Ano,Matemática,2016,263.4,47.3,Crítico,0,0,21.5,37.6,30.7,10.3,0,0,777,796,102.4,1,4.4187,0,0,171,299,244,82,0,0,246.94
GUAIUBA,9° Ano,Matemática,2016,230.3,37.2,Crítico,0,0,46.8,39,13.8,0.3,0,0,359,333,92.8,0.9276,2765,0,0,156,130,46,1,0,0,246.94
ITAITINGA,9° Ano,Matemática,2016,248.1,37.8,Crítico,0,0,28.2,47.6,21.4,2.8,0,0,472,471,99.8,0.9979,3.6551,0,0,133,224,101,13,0,0,246.94
MARACANAU,9° Ano,Matemática,2016,250.4,40.5,Crítico,0,0,27.8,44.9,23.6,3.7,0,0,2573,2593,100.8,1,3.7698,0,0,721,1163,613,96,0,0,246.94
MARANGUAPE,9° Ano,Matemática,2016,242.3,41.7,Crítico,0,0,34.7,44.6,17.9,2.8,0,0,1194,1160,97.2,0.9715,3.3635,0,0,402,517,208,33,0,0,246.94
PACATUBA,9° Ano,Matemática,2016,246.4,39.7,Crítico,0,0,31,43.8,22.9,2.3,0,0,727,706,97.1,0.9711,3.5693,0,0,219,309,162,16,0,0,246.94
AQUIRAZ,2° Ano,Língua Portuguesa,2017,166.9,46.7,Desejável,1.2,5.7,0,0,12.4,0,16.6,64.1,1031,1066,103.4,1,8.35,13,61,0,0,132,0,177,683,181.55
CAUCAIA,2° Ano,Língua Portuguesa,2017,152.1,48,Desejável,3,12.3,0,0,16.7,0,18,49.9,3803,3816,100.3,1,7.61,116,471,0,0,636,0,688,1905,181.55
EUSEBIO,2° Ano,Língua Portuguesa,2017,215.9,52.9,Desejável,0,0.7,0,0,2.7,0,9,87.6,836,879,105.1,1,10,0,6,0,0,24,0,79,770,181.55
GUAIUBA,2° Ano,Língua Portuguesa,2017,193.5,52.7,Desejável,0.3,3.1,0,0,7.5,0,9.2,79.9,352,359,102,1,9.68,1,11,0,0,27,0,33,287,181.55
ITAITINGA,2° Ano,Língua Portuguesa,2017,204.2,56.3,Desejável,1,2.9,0,0,5.4,0,9,81.6,668,686,102.7,1,10,7,20,0,0,37,0,62,560,181.55
MARACANAU,2° Ano,Língua Portuguesa,2017,171.7,49.3,Desejável,1,5.8,0,0,11.4,0,15,66.8,2629,2732,103.9,1,8.59,27,159,0,0,312,0,409,1825,181.55
MARANGUAPE,2° Ano,Língua Portuguesa,2017,179.6,45.8,Desejável,1,3.1,0,0,7,0,14.1,74.9,1214,1251,103,1,8.98,12,39,0,0,87,0,176,937,181.55
PACATUBA,2° Ano,Língua Portuguesa,2017,168.5,47.1,Desejável,1.4,5.8,0,0,9.8,0,18.5,64.5,752,775,103.1,1,8.42,11,45,0,0,76,0,143,500,181.55
AQUIRAZ,5° Ano,Língua Portuguesa,2017,217.99,46.3,Intermediário,0,0,1.99,16.96,36.59,44.46,0,0,1138,1156,101.58,1,7.15,0,0,23,196,423,514,0,0,215.88
CAUCAIA,5° Ano,Língua Portuguesa,2017,200.37,48.3,Intermediário,0,0,4.83,27.87,35.89,31.4,0,0,3841,3828,99.66,1,6.27,0,0,185,1067,1374,1202,0,0,215.88
EUSEBIO,5° Ano,Língua Portuguesa,2017,236.3,46.4,Adequado,0,0,0.81,9.34,29.44,60.41,0,0,955,985,103.14,1,8.06,0,0,8,92,290,595,0,0,215.88
GUAIUBA,5° Ano,Língua Portuguesa,2017,212.71,48.1,Intermediário,0,0,3.78,18.65,37.84,39.73,0,0,366,370,101.09,1,6.89,0,0,14,69,140,147,0,0,215.88
ITAITINGA,5° Ano,Língua Portuguesa,2017,216.31,49.5,Intermediário,0,0,3.15,18.71,34.79,43.36,0,0,560,572,102.14,1,7.07,0,0,18,107,199,248,0,0,215.88
MARACANAU,5° Ano,Língua Portuguesa,2017,216.2,48.1,Intermediário,0,0,2.16,18.64,36.05,43.15,0,0,3875,3933,101.5,1,7.06,0,0,85,733,1418,1697,0,0,215.88
MARANGUAPE,5° Ano,Língua Portuguesa,2017,213.94,44.8,Intermediário,0,0,1.96,18.64,39.4,40,0,0,1296,1325,102.24,1,6.95,0,0,26,247,522,530,0,0,215.88
PACATUBA,5° Ano,Língua Portuguesa,2017,213.22,47.1,Intermediário,0,0,2.89,19.4,36.99,40.72,0,0,802,830,103.49,1,6.91,0,0,24,161,307,338,0,0,215.88
AQUIRAZ,5° Ano,Matemática,2017,225,47.1,Intermediário,0,0,6.3,23.9,38.3,31.5,0,0,1138,1156,101.6,1,6.25,0,0,73,276,443,364,0,0,217.8
CAUCAIA,5° Ano,Matemática,2017,196.1,44.1,Crítico,0,0,15.6,40,32.5,11.8,0,0,3841,3828,99.7,1,4.8,0,0,599,1531,1245,453,0,0,217.8
EUSEBIO,5° Ano,Matemática,2017,248.9,45.9,Intermediário,0,0,2.2,13.3,32.3,52.2,0,0,955,985,103.1,1,7.44,0,0,22,131,318,514,0,0,217.8
GUAIUBA,5° Ano,Matemática,2017,214.4,49.3,Intermediário,0,0,11.4,27.1,36,25.5,0,0,366,369,100.8,1,5.72,0,0,42,100,133,94,0,0,217.8
ITAITINGA,5° Ano,Matemática,2017,219.5,46.1,Intermediário,0,0,6.8,27.6,39.9,25.7,0,0,560,572,102.1,1,5.98,0,0,39,158,228,147,0,0,217.8
MARACANAU,5° Ano,Matemática,2017,212.8,47,Intermediário,0,0,9.2,31.4,37.4,22.1,0,0,3875,3933,101.5,1,5.64,0,0,361,1233,1469,870,0,0,217.8
MARANGUAPE,5° Ano,Matemática,2017,215.8,45.6,Intermediário,0,0,6.6,32.2,37,24.2,0,0,1296,1325,102.2,1,5.79,0,0,88,426,490,321,0,0,217.8
PACATUBA,5° Ano,Matemática,2017,209.9,43.8,Intermediário,0,0,8.9,32.7,39.9,18.6,0,0,802,830,103.5,1,5.5,0,0,74,271,331,154,0,0,217.8
AQUIRAZ,9° Ano,Língua Portuguesa,2017,250,45.7,Crítico,0,0,14.3,35.1,37.1,13.5,0,0,937,906,96.7,0.9669,4.9805,0,0,130,318,336,122,0,0,253.73
CAUCAIA,9° Ano,Língua Portuguesa,2017,244,47.2,Crítico,0,0,19.6,34.8,33.2,12.4,0,0,3721,3583,96.3,0.9629,4.6831,0,0,703,1246,1191,443,0,0,253.73
EUSEBIO,9° Ano,Língua Portuguesa,2017,268,44.7,Intermediário,0,0,7.5,26.3,41.7,24.4,0,0,771,786,101.9,1,5.8923,0,0,59,207,328,192,0,0,253.73
GUAIUBA,9° Ano,Língua Portuguesa,2017,253,45.4,Intermediário,0,0,13.7,33.7,37.5,15.2,0,0,363,315,86.8,0.8678,5.1336,0,0,43,106,118,48,0,0,253.73
ITAITINGA,9° Ano,Língua Portuguesa,2017,255,48.2,Intermediário,0,0,15.2,26.9,38.1,19.8,0,0,499,501,100.4,1,5.2678,0,0,76,135,191,99,0,0,253.73
MARACANAU,9° Ano,Língua Portuguesa,2017,252,46.9,Intermediário,0,0,14.6,32.2,37.2,16,0,0,2955,2916,98.7,0.9868,5.0975,0,0,425,939,1084,468,0,0,253.73
MARANGUAPE,9° Ano,Língua Portuguesa,2017,252,46.2,Intermediário,0,0,14,33.7,37.1,15.2,0,0,1121,1128,100.6,1,5085,0,0,158,380,419,171,0,0,253.73
PACATUBA,9° Ano,Língua Portuguesa,2017,257,43.4,Intermediário,0,0,10.7,31,42.1,16.1,0,0,720,738,102.5,1,5.3515,0,0,79,229,311,119,0,0,253.73
AQUIRAZ,9° Ano,Matemática,2017,242.6,42.7,Crítico,0,0,38,38.5,20,3.5,0,0,937,906,96.7,0.9669,3.3794,0,0,344,349,181,32,0,0,244.54
CAUCAIA,9° Ano,Matemática,2017,234.3,41.3,Crítico,0,0,45.6,37.1,15.2,2.1,0,0,3721,3583,96.3,0.9629,2.9638,0,0,1633,1329,544,77,0,0,244.54
EUSEBIO,9° Ano,Matemática,2017,264.1,48.2,Crítico,0,0,23,35.5,29.3,12.2,0,0,771,786,101.9,1,4453,0,0,181,279,230,96,0,0,244.54
GUAIUBA,9° Ano,Matemática,2017,238.9,42.3,Crítico,0,0,42.2,38.1,15.6,4.1,0,0,363,315,86.8,0.8678,3.1962,0,0,133,120,49,13,0,0,244.54
ITAITINGA,9° Ano,Matemática,2017,245.7,42.3,Crítico,0,0,32.9,42.3,21.4,3.4,0,0,499,501,100.4,1,3.5327,0,0,165,212,107,17,0,0,244.54
MARACANAU,9° Ano,Matemática,2017,242.9,43.9,Crítico,0,0,38.7,36.8,21.2,3.3,0,0,2955,2916,98.7,0.9868,3.3946,0,0,1129,1072,618,97,0,0,244.54
MARANGUAPE,9° Ano,Matemática,2017,245.4,45,Crítico,0,0,35.2,39.5,20.4,4.9,0,0,1121,1128,100.6,1,3.5188,0,0,397,446,230,55,0,0,244.54
PACATUBA,9° Ano,Matemática,2017,242.4,42.8,Crítico,0,0,37.1,39.4,19.6,3.8,0,0,720,738,102.5,1,3.3678,0,0,274,291,145,28,0,0,244.54
AQUIRAZ,2° Ano,Língua Portuguesa,2018,167.8,47.1,Desejável,0.9,5.8,0,0,12.3,0,17.1,63.8,971,993,102.3,1,8.39,9,58,0,0,122,0,170,634,178.93
CAUCAIA,2° Ano,Língua Portuguesa,2018,152,48.3,Desejável,2.8,11.3,0,0,19.8,0,16.7,49.4,3736,3736,100,1,7.6,105,422,0,0,738,0,624,1847,178.93
EUSEBIO,2° Ano,Língua Portuguesa,2018,203.2,49.4,Desejável,0.1,0.7,0,0,2.6,0,10,86.6,789,814,103.2,1,10,1,6,0,0,21,0,81,705,178.93
GUAIUBA,2° Ano,Língua Portuguesa,2018,207.9,47.8,Desejável,0,0.9,0,0,3.3,0,7,88.8,325,330,101.5,1,10,0,3,0,0,11,0,23,293,178.93
ITAITINGA,2° Ano,Língua Portuguesa,2018,169.1,48.4,Desejável,1.9,6.8,0,0,10.6,0,13.9,66.7,503,517,102.8,1,8.46,10,35,0,0,55,0,72,345,178.93
MARACANAU,2° Ano,Língua Portuguesa,2018,175.4,46.7,Desejável,0.8,3.8,0,0,9,0,15.7,70.7,2458,2547,103.6,1,8.77,21,96,0,0,228,0,400,1802,178.93
MARANGUAPE,2° Ano,Língua Portuguesa,2018,185.8,47.8,Desejável,0.3,2.9,0,0,5.8,0,12.8,78.2,1098,1113,101.4,1,9.29,3,32,0,0,65,0,143,870,178.93
PACATUBA,2° Ano,Língua Portuguesa,2018,170.2,45,Desejável,1,3.6,0,0,12.4,0,14.7,68.4,680,702,103.2,1,8.51,7,25,0,0,87,0,103,480,178.93
AQUIRAZ,5° Ano,Língua Portuguesa,2018,220.33,46.3,Intermediário,0,0,1.2,17.21,36.75,44.84,0,0,1143,1162,101.66,1,7.27,0,0,14,200,427,521,0,0,218.96
CAUCAIA,5° Ano,Língua Portuguesa,2018,207.23,48.6,Intermediário,0,0,3.35,25.08,35.24,36.34,0,0,4010,3996,99.65,1,6.61,0,0,134,1002,1408,1452,0,0,218.96
EUSEBIO,5° Ano,Língua Portuguesa,2018,235.66,45.4,Adequado,0,0,0.53,9.32,30.17,59.98,0,0,1101,1127,102.36,1,8.03,0,0,6,105,340,676,0,0,218.96
GUAIUBA,5° Ano,Língua Portuguesa,2018,215.15,49.5,Intermediário,0,0,2.31,20,35.64,42.05,0,0,384,390,101.56,1,7.01,0,0,9,78,139,164,0,0,218.96
ITAITINGA,5° Ano,Língua Portuguesa,2018,220.52,45.6,Intermediário,0,0,1.26,16.27,36.04,46.42,0,0,693,713,102.89,1,7.28,0,0,9,116,257,331,0,0,218.96
MARACANAU,5° Ano,Língua Portuguesa,2018,214.26,48.8,Intermediário,0,0,2.33,21.2,34.59,41.88,0,0,3001,3085,102.8,1,6.96,0,0,72,654,1067,1292,0,0,218.96
MARANGUAPE,5° Ano,Língua Portuguesa,2018,220.58,45.9,Intermediário,0,0,1.19,16.34,34.73,47.74,0,0,1247,1261,101.12,1,7.28,0,0,15,206,438,602,0,0,218.96
PACATUBA,5° Ano,Língua Portuguesa,2018,217.95,48.6,Intermediário,0,0,2.37,18.96,32.94,45.73,0,0,814,844,103.69,1,7.15,0,0,20,160,278,386,0,0,218.96
AQUIRAZ,5° Ano,Matemática,2018,227.2,47.1,Intermediário,0,0,5.1,25,35.9,34,0,0,1143,1162,101.7,1,6.36,0,0,59,291,417,395,0,0,222.39
CAUCAIA,5° Ano,Matemática,2018,202.2,46,Intermediário,0,0,12.4,39,31.9,16.6,0,0,4010,3997,99.7,1,5.11,0,0,497,1558,1277,665,0,0,222.39
EUSEBIO,5° Ano,Matemática,2018,252.5,47.8,Adequado,0,0,1.8,13.2,31.2,53.9,0,0,1101,1129,102.5,1,7.62,0,0,20,149,352,608,0,0,222.39
GUAIUBA,5° Ano,Matemática,2018,221.6,47.4,Intermediário,0,0,5.6,29.7,33.5,31.2,0,0,384,391,101.8,1,6.08,0,0,22,116,131,122,0,0,222.39
ITAITINGA,5° Ano,Matemática,2018,216.2,44.4,Intermediário,0,0,5.9,32.3,38.1,23.7,0,0,693,713,102.9,1,5.81,0,0,42,230,272,169,0,0,222.39
MARACANAU,5° Ano,Matemática,2018,210.5,48.3,Intermediário,0,0,10.1,34.6,33.1,22.2,0,0,3001,3085,102.8,1,5.53,0,0,311,1068,1021,685,0,0,222.39
MARANGUAPE,5° Ano,Matemática,2018,226.7,48.6,Intermediário,0,0,6.2,24.4,35.3,34.1,0,0,1247,1261,101.1,1,6.34,0,0,78,308,445,430,0,0,222.39
PACATUBA,5° Ano,Matemática,2018,222.2,49.9,Intermediário,0,0,7,28.2,33.5,31.3,0,0,814,844,103.7,1,6.11,0,0,59,238,283,264,0,0,222.39
AQUIRAZ,9° Ano,Língua Portuguesa,2018,256,44.4,Intermediário,0,0,10,33.9,39.8,16.4,0,0,847,850,100.4,1,5.3042,0,0,85,288,338,139,0,0,258.43
CAUCAIA,9° Ano,Língua Portuguesa,2018,246,47.6,Crítico,0,0,17.9,34.6,34.3,13.1,0,0,3722,3594,96.6,0.9656,4.8012,0,0,645,1244,1233,472,0,0,258.43
EUSEBIO,9° Ano,Língua Portuguesa,2018,273,44.1,Intermediário,0,0,6.9,20.5,43.8,28.8,0,0,783,799,102,1,6.1592,0,0,55,164,350,230,0,0,258.43
GUAIUBA,9° Ano,Língua Portuguesa,2018,250,43.7,Crítico,0,0,12.8,38.4,36,12.8,0,0,254,258,101.6,1,4.9767,0,0,33,99,93,33,0,0,258.43
ITAITINGA,9° Ano,Língua Portuguesa,2018,264,42.5,Intermediário,0,0,7.1,28.8,43.8,20.3,0,0,535,507,94.8,0.9477,5.6911,0,0,36,146,222,103,0,0,258.43
MARACANAU,9° Ano,Língua Portuguesa,2018,260,46.3,Intermediário,0,0,11.3,27.9,39.9,21,0,0,2704,2739,101.3,1,5.4773,0,0,309,763,1093,574,0,0,258.43
MARANGUAPE,9° Ano,Língua Portuguesa,2018,258,44.2,Intermediário,0,0,9.6,32.2,40.1,18.1,0,0,1082,1099,101.6,1,5.4202,0,0,105,354,441,199,0,0,258.43
PACATUBA,9° Ano,Língua Portuguesa,2018,261,47.8,Intermediário,0,0,11.2,28.8,38.5,21.5,0,0,721,730,101.2,1,5.5436,0,0,82,210,281,157,0,0,258.43
AQUIRAZ,9° Ano,Matemática,2018,251.8,44.9,Crítico,0,0,28.2,41.5,24.2,6,0,0,847,850,100.4,1,3.8398,0,0,240,353,206,51,0,0,251.64
CAUCAIA,9° Ano,Matemática,2018,235.2,40.9,Crítico,0,0,44.2,38.2,15.2,2.4,0,0,3722,3594,96.6,0.9656,3.0085,0,0,1588,1373,548,85,0,0,251.64
EUSEBIO,9° Ano,Matemática,2018,277,50.2,Intermediário,0,0,16.8,30.8,33.2,19.3,0,0,783,799,102,1,5098,0,0,134,246,265,154,0,0,251.64
GUAIUBA,9° Ano,Matemática,2018,247.2,48.4,Crítico,0,0,37.6,37.6,17.1,7.8,0,0,254,258,101.6,1,3.6109,0,0,97,97,44,20,0,0,251.64
ITAITINGA,9° Ano,Matemática,2018,252.7,42.9,Crítico,0,0,28.4,42,24.7,4.9,0,0,535,507,94.8,0.9477,3.8834,0,0,144,213,125,25,0,0,251.64
MARACANAU,9° Ano,Matemática,2018,249.1,45.7,Crítico,0,0,32.8,37.9,23.8,5.5,0,0,2704,2739,101.3,1,3.7066,0,0,899,1038,652,150,0,0,251.64
MARANGUAPE,9° Ano,Matemática,2018,248.5,46.7,Crítico,0,0,33.2,40.9,18.8,7,0,0,1082,1099,101.6,1,3.6759,0,0,365,450,207,77,0,0,251.64
PACATUBA,9° Ano,Matemática,2018,251.6,44.3,Crítico,0,0,29.7,41,23.4,5.9,0,0,721,730,101.2,1,3.83,0,0,217,299,171,43,0,0,251.64
AQUIRAZ,2° Ano,Língua Portuguesa,2019,179.6,51.8,Desejável,1.1,4.4,0,0,9.7,0,14.2,70.6,984,1007,102.3,1,8.98,11,44,0,0,98,0,143,711,194.7
CAUCAIA,2° Ano,Língua Portuguesa,2019,159.6,53.4,Desejável,3,10,0,0,16.6,0,16.4,53.9,3915,3916,100,1,7.98,119,392,0,0,652,0,641,2112,194.7
EUSEBIO,2° Ano,Língua Portuguesa,2019,221.1,48,Desejável,0.3,0.9,0,0,1.5,0,4.1,93.3,656,684,104.3,1,10,2,6,0,0,10,0,28,638,194.7
GUAIUBA,2° Ano,Língua Portuguesa,2019,227.1,46.3,Desejável,0.3,0.3,0,0,1.1,0,4.2,94.2,374,377,100.8,1,10,1,1,0,0,4,0,16,355,194.7
ITAITINGA,2° Ano,Língua Portuguesa,2019,198.8,55.5,Desejável,0.6,3.2,0,0,6.8,0,10.1,79.3,519,526,101.3,1,9.94,3,17,0,0,36,0,53,417,194.7
MARACANAU,2° Ano,Língua Portuguesa,2019,187.9,50.3,Desejável,0.7,2.5,0,0,7.2,0,11.9,77.8,2115,2185,103.3,1,9.4,15,54,0,0,157,0,259,1700,194.7
MARANGUAPE,2° Ano,Língua Portuguesa,2019,200.2,48.1,Desejável,0.1,0.6,0,0,3.6,0,11,84.7,1109,1124,101.4,1,10,1,7,0,0,40,0,124,952,194.7
PACATUBA,2° Ano,Língua Portuguesa,2019,183.3,49,Desejável,0.7,2.7,0,0,9.1,0,10.8,76.7,729,769,105.5,1,9.17,5,21,0,0,70,0,83,590,194.7
AQUIRAZ,5° Ano,Língua Portuguesa,2019,220.72,47,Intermediário,0,0,2.05,15.58,35.02,47.35,0,0,1139,1168,102.55,1,7.29,0,0,24,182,409,553,0,0,220.82
CAUCAIA,5° Ano,Língua Portuguesa,2019,203.97,48.4,Intermediário,0,0,4.48,25.45,36.53,33.54,0,0,3901,3882,99.51,1,6.45,0,0,174,988,1418,1302,0,0,220.82
EUSEBIO,5° Ano,Língua Portuguesa,2019,235.56,48.7,Adequado,0,0,1.61,9.07,29.75,59.58,0,0,1032,1059,102.62,1,8.03,0,0,17,96,315,631,0,0,220.82
GUAIUBA,5° Ano,Língua Portuguesa,2019,214.18,47.5,Intermediário,0,0,2.7,20.39,33.66,43.24,0,0,407,407,100,1,6.96,0,0,11,83,137,176,0,0,220.82
ITAITINGA,5° Ano,Língua Portuguesa,2019,220.18,50.9,Intermediário,0,0,2.33,19,32.8,45.88,0,0,548,558,101.82,1,7.26,0,0,13,106,183,256,0,0,220.82
MARACANAU,5° Ano,Língua Portuguesa,2019,224.5,50.3,Intermediário,0,0,2.08,16.14,30.14,51.65,0,0,2701,2794,103.44,1,7.48,0,0,58,451,842,1443,0,0,220.82
MARANGUAPE,5° Ano,Língua Portuguesa,2019,223.86,47.5,Intermediário,0,0,1.92,15.28,32,50.8,0,0,1230,1250,101.63,1,7.44,0,0,24,191,400,635,0,0,220.82
PACATUBA,5° Ano,Língua Portuguesa,2019,223.55,48.8,Intermediário,0,0,2.12,16.83,29.43,51.62,0,0,867,897,103.46,1,7.43,0,0,19,151,264,463,0,0,220.82
AQUIRAZ,5° Ano,Matemática,2019,229.8,46.5,Intermediário,0,0,3.3,24.3,37.7,34.7,0,0,1139,1168,102.5,1,6.49,0,0,39,284,440,405,0,0,225.18
CAUCAIA,5° Ano,Matemática,2019,206.4,43.9,Intermediário,0,0,9.3,37.3,36.5,16.9,0,0,3901,3879,99.4,0.99,5.32,0,0,361,1447,1417,654,0,0,225.18
EUSEBIO,5° Ano,Matemática,2019,249.1,49.4,Intermediário,0,0,2.7,13.7,32.5,51.1,0,0,1032,1060,102.7,1,7.45,0,0,29,145,344,542,0,0,225.18
GUAIUBA,5° Ano,Matemática,2019,223.7,47.9,Intermediário,0,0,7.1,25.3,34.2,33.4,0,0,407,407,100,1,6.19,0,0,29,103,139,136,0,0,225.18
ITAITINGA,5° Ano,Matemática,2019,217.7,42.4,Intermediário,0,0,4.7,30,42.4,23,0,0,548,557,101.6,1,5.89,0,0,26,167,236,128,0,0,225.18
MARACANAU,5° Ano,Matemática,2019,221.3,47.8,Intermediário,0,0,6,28.7,37.3,28,0,0,2701,2794,103.4,1,6.07,0,0,167,802,1042,783,0,0,225.18
MARANGUAPE,5° Ano,Matemática,2019,228.2,45.6,Intermediário,0,0,4.2,22.7,40.2,32.8,0,0,1230,1249,101.5,1,6.41,0,0,53,284,502,410,0,0,225.18
PACATUBA,5° Ano,Matemática,2019,225.2,46.8,Intermediário,0,0,5.1,26.3,37.2,31.4,0,0,867,895,103.2,1,6.26,0,0,46,235,333,281,0,0,225.18
AQUIRAZ,9° Ano,Língua Portuguesa,2019,258,46.6,Intermediário,0,0,11.5,29.9,40.9,17.7,0,0,707,712,100.7,1,5412,0,0,82,213,291,126,0,0,256.54
CAUCAIA,9° Ano,Língua Portuguesa,2019,243,49.5,Crítico,0,0,21.8,32.1,33.2,13,0,0,3456,3333,96.4,0.9644,4.6273,0,0,726,1069,1105,433,0,0,256.54
EUSEBIO,9° Ano,Língua Portuguesa,2019,273,43.6,Intermediário,0,0,6,23.2,43.7,27.1,0,0,835,855,102.4,1,6.1493,0,0,51,198,374,232,0,0,256.54
GUAIUBA,9° Ano,Língua Portuguesa,2019,253,43.9,Intermediário,0,0,11.7,35.3,37.7,15.3,0,0,361,326,90.3,903,5.1709,0,0,38,115,123,50,0,0,256.54
ITAITINGA,9° Ano,Língua Portuguesa,2019,254,48.4,Intermediário,0,0,13.4,31.7,36.6,18.3,0,0,408,410,100.5,1,5.2183,0,0,55,130,150,75,0,0,256.54
MARACANAU,9° Ano,Língua Portuguesa,2019,260,47.8,Intermediário,0,0,11.8,28.3,38.6,21.3,0,0,2492,2534,101.7,1,5.4987,0,0,298,718,977,541,0,0,256.54
MARANGUAPE,9° Ano,Língua Portuguesa,2019,257,48.6,Intermediário,0,0,12.4,29.2,39.1,19.3,0,0,1121,1139,101.6,1,5.3633,0,0,141,333,445,220,0,0,256.54
PACATUBA,9° Ano,Língua Portuguesa,2019,254,47,Intermediário,0,0,14.3,31.4,37.1,17.2,0,0,752,768,102.1,1,5.1762,0,0,110,241,285,132,0,0,256.54
AQUIRAZ,9° Ano,Matemática,2019,254.3,47,Crítico,0,0,28.4,40.4,23.6,7.6,0,0,707,712,100.7,1,3.9651,0,0,202,288,168,54,0,0,249.28
CAUCAIA,9° Ano,Matemática,2019,233.2,40.6,Crítico,0,0,45.4,38.4,14.4,1.8,0,0,3456,3333,96.4,0.9644,2.9086,0,0,1514,1281,479,59,0,0,249.28
EUSEBIO,9° Ano,Matemática,2019,269.7,51.3,Crítico,0,0,21.6,32.5,31.1,14.7,0,0,835,855,102.4,1,4.7347,0,0,185,278,266,126,0,0,249.28
GUAIUBA,9° Ano,Matemática,2019,249.3,48.1,Crítico,0,0,35,36.8,19.9,8.3,0,0,361,326,90.3,903,3.7134,0,0,114,120,65,27,0,0,249.28
ITAITINGA,9° Ano,Matemática,2019,244.5,49,Crítico,0,0,37.6,36.6,18.8,7.1,0,0,408,410,100.5,1,3.4774,0,0,154,150,77,29,0,0,249.28
MARACANAU,9° Ano,Matemática,2019,249.9,45,Crítico,0,0,31.3,40.7,22.1,5.8,0,0,2492,2534,101.7,1,3.7452,0,0,794,1031,561,148,0,0,249.28
MARANGUAPE,9° Ano,Matemática,2019,249.8,46.7,Crítico,0,0,33.4,38.3,21.8,6.6,0,0,1121,1139,101.6,1,3.7378,0,0,380,436,248,75,0,0,249.28
PACATUBA,9° Ano,Matemática,2019,243.5,41.9,Crítico,0,0,35.1,42.5,18.6,3.8,0,0,752,769,102.3,1,3427,0,0,270,327,143,29,0,0,249.28
AQUIRAZ,2° Ano,Língua Portuguesa,2022,163.4,49,Desejável,2,6.8,0,0,14.5,0,18.3,58.5,1086,1110,102.2,1,8.17,22,75,0,0,161,0,203,649,173.14
CAUCAIA,2° Ano,Língua Portuguesa,2022,156.2,51.1,Desejável,3.5,10.3,0,0,16.3,0,17.2,52.7,3743,3775,100.9,1,7.81,134,389,0,0,616,0,648,1988,173.14
EUSEBIO,2° Ano,Língua Portuguesa,2022,217.5,49.1,Desejável,0,0.3,0,0,2,0,7.5,90.3,988,1019,103.1,1,10,0,3,0,0,20,0,76,920,173.14
GUAIUBA,2° Ano,Língua Portuguesa,2022,167.1,50,Desejável,1.5,5.2,0,0,12.7,0,20,60.6,329,330,100.3,1,8.36,5,17,0,0,42,0,66,200,173.14
ITAITINGA,2° Ano,Língua Portuguesa,2022,186.6,58,Desejável,0.7,5,0,0,11,0,13.3,69.9,679,697,102.7,1,9.33,5,35,0,0,77,0,93,487,173.14
MARACANAU,2° Ano,Língua Portuguesa,2022,169.6,53.5,Desejável,2.1,6,0,0,14.3,0,15.6,61.9,2774,2861,103.1,1,8.48,61,173,0,0,408,0,447,1772,173.14
MARANGUAPE,2° Ano,Língua Portuguesa,2022,167.7,53.8,Desejável,1.5,8.5,0,0,13.4,0,18.1,58.5,1188,1210,101.9,1,8.39,18,103,0,0,162,0,219,708,173.14
PACATUBA,2° Ano,Língua Portuguesa,2022,157,52.3,Desejável,2.7,10.5,0,0,18.5,0,17.1,51.2,886,920,103.8,1,7.85,25,97,0,0,170,0,157,471,173.14
AQUIRAZ,5° Ano,Matemática,2022,216,48.8,Intermediário,0,0,10,27,37,26,0,0,1100,1136,103,1,5.81,0,0,112,307,418,299,0,0,219.13
CAUCAIA,5° Ano,Matemática,2022,201,45.9,Intermediário,0,0,14,37,34,15,0,0,4289,4352,101,1,5.04,0,0,605,1613,1485,649,0,0,219.13
EUSEBIO,5° Ano,Matemática,2022,267,45.7,Adequado,0,0,1,6,28,65,0,0,701,728,104,1,8.37,0,0,10,42,205,471,0,0,219.13
GUAIUBA,5° Ano,Matemática,2022,214,47.2,Intermediário,0,0,10,28,39,23,0,0,360,363,101,1,5.7,0,0,37,100,141,85,0,0,219.13
ITAITINGA,5° Ano,Matemática,2022,220,46.8,Intermediário,0,0,8,27,39,26,0,0,692,711,103,1,5.99,0,0,55,191,278,187,0,0,219.13
MARACANAU,5° Ano,Matemática,2022,218,47.5,Intermediário,0,0,8,27,40,25,0,0,2450,2525,103,1,5.92,0,0,202,683,1001,639,0,0,219.13
MARANGUAPE,5° Ano,Matemática,2022,209,43.3,Intermediário,0,0,9,33,41,17,0,0,1195,1224,102,1,5.43,0,0,112,401,507,204,0,0,219.13
PACATUBA,5° Ano,Matemática,2022,208,46.8,Intermediário,0,0,11,33,37,19,0,0,802,831,104,1,5.42,0,0,89,273,311,158,0,0,219.13
AQUIRAZ,9° Ano,Língua Portuguesa,2022,250,50.2,Crítico,0,0,18,29,35,17,0,0,1124,1106,98,984,4991,0,0,203,324,387,192,0,0,257.25
CAUCAIA,9° Ano,Língua Portuguesa,2022,249,50.5,Crítico,0,0,18,31,34,16,0,0,3804,3748,99,0.9853,4942,0,0,687,1158,1290,613,0,0,257.25
EUSEBIO,9° Ano,Língua Portuguesa,2022,278,45.1,Intermediário,0,0,5,22,38,35,0,0,1087,1112,102,1,6.3898,0,0,52,248,422,390,0,0,257.25
GUAIUBA,9° Ano,Língua Portuguesa,2022,253,50.7,Intermediário,0,0,15,35,30,20,0,0,342,339,99,0.9912,5.1567,0,0,51,117,103,68,0,0,257.25
ITAITINGA,9° Ano,Língua Portuguesa,2022,257,50.3,Intermediário,0,0,15,27,37,21,0,0,833,842,101,1,5.3589,0,0,126,231,310,175,0,0,257.25
MARACANAU,9° Ano,Língua Portuguesa,2022,256,49.1,Intermediário,0,0,14,29,36,20,0,0,3202,3243,101,1,5.3112,0,0,467,950,1178,648,0,0,257.25
MARANGUAPE,9° Ano,Língua Portuguesa,2022,259,48.5,Intermediário,0,0,12,30,35,22,0,0,1223,1219,100,0.9967,5.4336,0,0,145,371,431,272,0,0,257.25
PACATUBA,9° Ano,Língua Portuguesa,2022,256,49,Intermediário,0,0,15,27,37,21,0,0,809,820,101,1,5.3053,0,0,125,220,304,171,0,0,257.25
AQUIRAZ,5° Ano,Língua Portuguesa,2022,218.14,52.9,Intermediário,0,0,3.88,19.51,29.3,47.31,0,0,1100,1133,103,1,7.16,0,0,44,221,332,536,0,0,222.93
CAUCAIA,5° Ano,Língua Portuguesa,2022,207.52,52.5,Intermediário,0,0,5.1,24.75,31.41,38.74,0,0,4289,4352,101.47,1,6.63,0,0,222,1077,1367,1686,0,0,222.93
EUSEBIO,5° Ano,Língua Portuguesa,2022,252.65,46.9,Adequado,0,0,0.69,5.22,20.6,73.49,0,0,701,728,103.85,1,8.88,0,0,5,38,150,535,0,0,222.93
GUAIUBA,5° Ano,Língua Portuguesa,2022,214.64,51.4,Intermediário,0,0,3.31,22.04,32.51,42.15,0,0,360,363,100.83,1,6.98,0,0,12,80,118,153,0,0,222.93
ITAITINGA,5° Ano,Língua Portuguesa,2022,228.66,50.2,Adequado,0,0,1.83,13.9,28.51,55.76,0,0,692,712,102.89,1,7.68,0,0,13,99,203,397,0,0,222.93
MARACANAU,5° Ano,Língua Portuguesa,2022,227.05,51.7,Adequado,0,0,2.3,16.56,26.39,54.75,0,0,2450,2524,103.02,1,7.6,0,0,58,418,666,1382,0,0,222.93
MARANGUAPE,5° Ano,Língua Portuguesa,2022,223.41,48.4,Intermediário,0,0,2.7,15.04,30.99,51.27,0,0,1195,1223,102.34,1,7.42,0,0,33,184,379,627,0,0,222.93
PACATUBA,5° Ano,Língua Portuguesa,2022,211.34,48.9,Intermediário,0,0,3.01,22.62,33.21,41.16,0,0,802,831,103.62,1,6.82,0,0,25,188,276,342,0,0,222.93
AQUIRAZ,9° Ano,Matemática,2022,244,45.8,Crítico,0,0,38,36,23,3,0,0,1124,1106,98,984,3.4477,0,0,420,396,253,37,0,0,247.75
CAUCAIA,9° Ano,Matemática,2022,235,46.2,Crítico,0,0,46,34,17,4,0,0,3804,3749,99,0.9855,2.9978,0,0,1713,1273,629,134,0,0,247.75
EUSEBIO,9° Ano,Matemática,2022,275,48.8,Crítico,0,0,17,32,37,14,0,0,1087,1112,102,1,4.9803,0,0,188,357,407,160,0,0,247.75
GUAIUBA,9° Ano,Matemática,2022,245,46.8,Crítico,0,0,37,36,20,6,0,0,342,337,99,0.9854,3.5204,0,0,125,123,69,20,0,0,247.75
ITAITINGA,9° Ano,Matemática,2022,248,47.9,Crítico,0,0,34,37,22,6,0,0,833,841,101,1,3.6535,0,0,287,314,188,52,0,0,247.75
MARACANAU,9° Ano,Matemática,2022,245,46.5,Crítico,0,0,36,37,22,5,0,0,3202,3243,101,1,3.4846,0,0,1170,1199,718,156,0,0,247.75
MARANGUAPE,9° Ano,Matemática,2022,246,46,Crítico,0,0,35,39,21,5,0,0,1223,1220,100,0.9975,3.5329,0,0,433,471,259,57,0,0,247.75
PACATUBA,9° Ano,Matemática,2022,244,44.3,Crítico,0,0,36,39,22,3,0,0,809,821,101,1,3.4483,0,0,292,323,179,27,0,0,247.75
AQUIRAZ,2° Ano,Língua Portuguesa,2023,224,0,0,0,0,0,0,2,0,5,93,0,0,0,0,0,0,0,0,0,0,0,0,0,207.75
CAUCAIA,2° Ano,Língua Portuguesa,2023,187,0,0,0,1,0,0,6,0,13,80,0,0,0,0,0,0,0,0,0,0,0,0,0,207.75
EUSEBIO,2° Ano,Língua Portuguesa,2023,230,0,0,0,0,0,0,1,0,2,97,0,0,0,0,0,0,0,0,0,0,0,0,0,207.75
GUAIUBA,2° Ano,Língua Portuguesa,2023,191,0,0,0,1,0,0,8,0,10,82,0,0,0,0,0,0,0,0,0,0,0,0,0,207.75
ITAITINGA,2° Ano,Língua Portuguesa,2023,223,0,0,0,0,0,0,2,0,4,94,0,0,0,0,0,0,0,0,0,0,0,0,0,207.75
MARACANAU,2° Ano,Língua Portuguesa,2023,204,0,0,0,1,0,0,3,0,7,89,0,0,0,0,0,0,0,0,0,0,0,0,0,207.75
MARANGUAPE,2° Ano,Língua Portuguesa,2023,209,0,0,0,1,0,0,5,0,6,88,0,0,0,0,0,0,0,0,0,0,0,0,0,207.75
PACATUBA,2° Ano,Língua Portuguesa,2023,194,0,0,0,2,0,0,6,0,12,81,0,0,0,0,0,0,0,0,0,0,0,0,0,207.75
AQUIRAZ,5° Ano,Língua Portuguesa,2023,232,0,0,0,0,2,12,29,57,0,0,0,0,0,0,0,0,0,0,0,0,0,0,0,224.13
CAUCAIA,5° Ano,Língua Portuguesa,2023,208,0,0,0,0,5,24,33,39,0,0,0,0,0,0,0,0,0,0,0,0,0,0,0,224.13
EUSEBIO,5° Ano,Língua Portuguesa,2023,244,0,0,0,0,2,8,23,68,0,0,0,0,0,0,0,0,0,0,0,0,0,0,0,224.13
GUAIUBA,5° Ano,Língua Portuguesa,2023,212,0,0,0,0,7,20,32,41,0,0,0,0,0,0,0,0,0,0,0,0,0,0,0,224.13
ITAITINGA,5° Ano,Língua Portuguesa,2023,228,0,0,0,0,2,15,28,55,0,0,0,0,0,0,0,0,0,0,0,0,0,0,0,224.13
MARACANAU,5° Ano,Língua Portuguesa,2023,233,0,0,0,0,2,13,26,59,0,0,0,0,0,0,0,0,0,0,0,0,0,0,0,224.13
MARANGUAPE,5° Ano,Língua Portuguesa,2023,222,0,0,0,0,3,16,32,48,0,0,0,0,0,0,0,0,0,0,0,0,0,0,0,224.13
PACATUBA,5° Ano,Língua Portuguesa,2023,214,0,0,0,0,3,22,32,43,0,0,0,0,0,0,0,0,0,0,0,0,0,0,0,224.13
AQUIRAZ,5° Ano,Matemática,2023,227,0,0,0,0,4,28,36,33,0,0,0,0,0,0,0,0,0,0,0,0,0,0,0,223.6
CAUCAIA,5° Ano,Matemática,2023,206,0,0,0,0,10,39,35,16,0,0,0,0,0,0,0,0,0,0,0,0,0,0,0,223.6
EUSEBIO,5° Ano,Matemática,2023,257,0,0,0,0,2,12,29,57,0,0,0,0,0,0,0,0,0,0,0,0,0,0,0,223.6
GUAIUBA,5° Ano,Matemática,2023,214,0,0,0,0,8,34,36,22,0,0,0,0,0,0,0,0,0,0,0,0,0,0,0,223.6
ITAITINGA,5° Ano,Matemática,2023,236,0,0,0,0,3,22,36,40,0,0,0,0,0,0,0,0,0,0,0,0,0,0,0,223.6
MARACANAU,5° Ano,Matemática,2023,228,0,0,0,0,5,27,36,33,0,0,0,0,0,0,0,0,0,0,0,0,0,0,0,223.6
MARANGUAPE,5° Ano,Matemática,2023,214,0,0,0,0,6,34,40,20,0,0,0,0,0,0,0,0,0,0,0,0,0,0,0,223.6
PACATUBA,5° Ano,Matemática,2023,218,0,0,0,0,6,32,38,24,0,0,0,0,0,0,0,0,0,0,0,0,0,0,0,223.6
AQUIRAZ,9° Ano,Língua Portuguesa,2023,250,0,0,0,0,19,29,34,18,0,0,0,0,0,0,0,0,0,0,0,0,0,0,0,257.25
CAUCAIA,9° Ano,Língua Portuguesa,2023,249,0,0,0,0,21,31,34,14,0,0,0,0,0,0,0,0,0,0,0,0,0,0,0,257.25
EUSEBIO,9° Ano,Língua Portuguesa,2023,278,0,0,0,0,10,20,42,28,0,0,0,0,0,0,0,0,0,0,0,0,0,0,0,257.25
GUAIUBA,9° Ano,Língua Portuguesa,2023,253,0,0,0,0,17,28,39,16,0,0,0,0,0,0,0,0,0,0,0,0,0,0,0,257.25
ITAITINGA,9° Ano,Língua Portuguesa,2023,257,0,0,0,0,18,27,36,18,0,0,0,0,0,0,0,0,0,0,0,0,0,0,0,257.25
MARACANAU,9° Ano,Língua Portuguesa,2023,256,0,0,0,0,15,26,38,21,0,0,0,0,0,0,0,0,0,0,0,0,0,0,0,257.25
MARANGUAPE,9° Ano,Língua Portuguesa,2023,259,0,0,0,0,16,26,38,20,0,0,0,0,0,0,0,0,0,0,0,0,0,0,0,257.25
PACATUBA,9° Ano,Língua Portuguesa,2023,256,0,0,0,0,16,27,37,19,0,0,0,0,0,0,0,0,0,0,0,0,0,0,0,257.25
AQUIRAZ,9° Ano,Matemática,2023,243,0,0,0,0,38,40,18,5,0,0,0,0,0,0,0,0,0,0,0,0,0,0,0,246.25
CAUCAIA,9° Ano,Matemática,2023,236,0,0,0,0,45,36,16,3,0,0,0,0,0,0,0,0,0,0,0,0,0,0,0,246.25
EUSEBIO,9° Ano,Matemática,2023,269,0,0,0,0,24,27,32,16,0,0,0,0,0,0,0,0,0,0,0,0,0,0,0,246.25
GUAIUBA,9° Ano,Matemática,2023,243,0,0,0,0,40,33,23,5,0,0,0,0,0,0,0,0,0,0,0,0,0,0,0,246.25
ITAITINGA,9° Ano,Matemática,2023,247,0,0,0,0,35,37,22,5,0,0,0,0,0,0,0,0,0,0,0,0,0,0,0,246.25
MARACANAU,9° Ano,Matemática,2023,244,0,0,0,0,40,36,19,6,0,0,0,0,0,0,0,0,0,0,0,0,0,0,0,246.25
MARANGUAPE,9° Ano,Matemática,2023,247,0,0,0,0,36,38,22,5,0,0,0,0,0,0,0,0,0,0,0,0,0,0,0,246.25
PACATUBA,9° Ano,Matemática,2023,241,0,0,0,0,40,38,18,4,0,0,0,0,0,0,0,0,0,0,0,0,0,0,0,246.25
